{
  "min": [
    0,
    0,
    0,
    0,
    0,
    0,
    0,
    0,
    0,
    0,
    0.005312146441700527
  ],
  "max": [
    0.5,
    0.75,
    0.75,
    0.5,
    0.5,
    0.9995346672871103,
    0.5,
    0.5,
    0.5,
    0.5,
    29.991380560529063
  ]
}